,0,1,2,3,4,5,6,7,8,9,10,11,12,13,14,15,16,17,18,19,20,21,22,23,24,25,26,27,28,29,30,31,32,33,34,35,36,37,38,39,40,41,42,43,44,45,46,47,48,49,50,51,52,53,54,55,56,57,58,59,60,61,62,63,64,65,66,67,68,69,70,71,72,73,74,75,76,77,78,79,80,81,82,83,84,85,86,87,88,89,90,91,92,93,94,95,96,97,98,99,100,101,102,103,104,105,106,107,108,109,110,111,112,113,114,115,116,117,118,119,120,121,122,123,124,125,126,127,128,129,130,131,132,133,134,135,136,137,138,139,140,141,142,143,144,145,146,147,148,149,150,151,152,153,154,155,156,157,158,159,160,161,162,163,164,165,166,167,168,169,170,171,172,173,174,175,176,177,178,179,180,181,182,183,184,185,186,187,188,189,190,191,192,193,194,195,196,197,198,199,200,201,202,203,204,205,206,207
intel360_hash_d3ce67ffea521b8518c39594c4407898939a1c7ca3930e671677384d3583c22f.jpg,ارتمان,34,Gend,الأسير القائد جاسر ابو حماده و طي العين و الفين ان الله والله فرقة الموقع واقعه و لا 000 0,2013,فلسطين بوست,Of PalpostN,,,,,,,,,,,,,,,,,,,,,,,,,,,,,,,,,,,,,,,,,,,,,,,,,,,,,,,,,,,,,,,,,,,,,,,,,,,,,,,,,,,,,,,,,,,,,,,,,,,,,,,,,,,,,,,,,,,,,,,,,,,,,,,,,,,,,,,,,,,,,,,,,,,,,,,,,,,,,,,,,,,,,,,,,,,,,,,,,,,,,,,,,,,,,,,,,,,,,,,,,
intel360_hash_8efb901def55c2bf1cd8ca5bf9e2cd84076eed73a911fd11ae2b217d0f8d8a30.jpg,א 3 בליט ה 10 לי,חווארה,הבוקר הוצבו שלטים שאוסרים על נסיעה דרך הכפר ומגדירים אותו כשטח A הכפר הוא שטח B  וציר 60 שעובר דרכו הוא הכביש הראשי עבור תושבי גב ההר,לפני זמן קצר תושבים הסירו אותם,בצהל אומרים שהשלטים הוצבו בטעות ומתחקרים מי הציב אותם שם,מנסג את,תיק עליה هذه الطريق بود,الدخول,والشكل العالم علت و,43,AVS,This Read leads To Area A under The Palestinian Authority Ts Ence for Fire Forbid,treatmar alek 1,כרמל דנגור Carmel Dangor,Fo,carmeldangor,,,,,,,,,,,,,,,,,,,,,,,,,,,,,,,,,,,,,,,,,,,,,,,,,,,,,,,,,,,,,,,,,,,,,,,,,,,,,,,,,,,,,,,,,,,,,,,,,,,,,,,,,,,,,,,,,,,,,,,,,,,,,,,,,,,,,,,,,,,,,,,,,,,,,,,,,,,,,,,,,,,,,,,,,,,,,,,,,,,,,,,,,,,,,,,,
intel360_hash_ea62ecb0597625203036a037952a99db0e6de8ca55f58265400b77c33c60977a.jpg,PHO,NADER JARGHON,009705975140,بست,,,,,,,,,,,,,,,,,,,,,,,,,,,,,,,,,,,,,,,,,,,,,,,,,,,,,,,,,,,,,,,,,,,,,,,,,,,,,,,,,,,,,,,,,,,,,,,,,,,,,,,,,,,,,,,,,,,,,,,,,,,,,,,,,,,,,,,,,,,,,,,,,,,,,,,,,,,,,,,,,,,,,,,,,,,,,,,,,,,,,,,,,,,,,,,,,,,,,,,,,,,,
intel360_hash_8df85a6b0c2f31a9bb2aef0835c4939036259219b0d17644235ebd3d2a731205.jpg,WAL,رعوة وطنية,يدعوكم عائلات الأسرى وشباب يدعوكم  مخيم الدهيشة الثائر,الحرب الإسرنا أنها ما,ابتداء من يوم غد  لنصب خيمة الاعتصام,والتضامن لدعم اهلنا والمقاومة في غزة الصمود,والأسرى وفي سجون الاحتلال الصهيوني الثلاثاء الساعة السابعة مساء  موقف التكاسي,هذا المخيم  هنا الحوار بلغة الناس,,,,,,,,,,,,,,,,,,,,,,,,,,,,,,,,,,,,,,,,,,,,,,,,,,,,,,,,,,,,,,,,,,,,,,,,,,,,,,,,,,,,,,,,,,,,,,,,,,,,,,,,,,,,,,,,,,,,,,,,,,,,,,,,,,,,,,,,,,,,,,,,,,,,,,,,,,,,,,,,,,,,,,,,,,,,,,,,,,,,,,,,,,,,,,,,,,,,,,,,
intel360_hash_4d6b3625a8f4a85a42cc3d8bf932d1f73255a9e0367b3ba99d9c985cac6149a1.jpg,ی,ن,SANT,Shema,الأسير القائد جاسر ابو حماده طامي العينين و اللمين في الليل و 00 شرفت الم واقعه ولا 000 0,فلسطين بوست,Of PalpostN,,,,,,,,,,,,,,,,,,,,,,,,,,,,,,,,,,,,,,,,,,,,,,,,,,,,,,,,,,,,,,,,,,,,,,,,,,,,,,,,,,,,,,,,,,,,,,,,,,,,,,,,,,,,,,,,,,,,,,,,,,,,,,,,,,,,,,,,,,,,,,,,,,,,,,,,,,,,,,,,,,,,,,,,,,,,,,,,,,,,,,,,,,,,,,,,,,,,,,,,,
intel360_hash_f145949ed339af365514e33d50152bd8e035927a1dacf185abdb525f8514e717.jpg,عاجل,سائل إعلام إسرائيلية  تقرير أولي عن جندي خطف خلال نشاط للجيش,,,,,,,,,,,,,,,,,,,,,,,,,,,,,,,,,,,,,,,,,,,,,,,,,,,,,,,,,,,,,,,,,,,,,,,,,,,,,,,,,,,,,,,,,,,,,,,,,,,,,,,,,,,,,,,,,,,,,,,,,,,,,,,,,,,,,,,,,,,,,,,,,,,,,,,,,,,,,,,,,,,,,,,,,,,,,,,,,,,,,,,,,,,,,,,,,,,,,,,,,,,,,,
intel360_hash_e169aa0e35985d69aa4b0070f0ccac74960103fb7994e613b985135f25fa4246.jpg,א 3 בליט ה 10 לי,חווארה,הבוקר הוצבו שלטים שאוסרים על נסיעה דרך הכפר ומגדירים אותו כשטח A הכפר הוא שטח B  וציר 60 שעובר דרכו הוא הכביש הראשי עבור תושבי גב ההר,לפני זמן קצר תושבים הסירו אותם,בצהל אומרים שהשלטים הוצבו בטעות ומתחקרים מי הציב אותם שם,מנסג את,מדיה עליה هذه الطريق بود,الدخول,والشكل العالم علت و,43,AVS,This Read leads To Area A under The Palestinian Authority Ts Ence for Fire Forbid,כרמל דנגור Carmel Dangor,treatmar alek 1,carmeldangor,,,,,,,,,,,,,,,,,,,,,,,,,,,,,,,,,,,,,,,,,,,,,,,,,,,,,,,,,,,,,,,,,,,,,,,,,,,,,,,,,,,,,,,,,,,,,,,,,,,,,,,,,,,,,,,,,,,,,,,,,,,,,,,,,,,,,,,,,,,,,,,,,,,,,,,,,,,,,,,,,,,,,,,,,,,,,,,,,,,,,,,,,,,,,,,,,
intel360_hash_79e73216aff8e3b6f6f41858d606df4a971fbd05c2cadb25f660b4dea0f41711.jpg,لاسه و,TUXERS,وسو  10,Remain silent when kids sleep  not when they die,an,فلسطین بوست,Of PalpostN,www,للاعتقال الإداري,ال,Sotage fe,لسطين,,,,,,,,,,,,,,,,,,,,,,,,,,,,,,,,,,,,,,,,,,,,,,,,,,,,,,,,,,,,,,,,,,,,,,,,,,,,,,,,,,,,,,,,,,,,,,,,,,,,,,,,,,,,,,,,,,,,,,,,,,,,,,,,,,,,,,,,,,,,,,,,,,,,,,,,,,,,,,,,,,,,,,,,,,,,,,,,,,,,,,,,,,,,,,,,,,,,
intel360_hash_2d3aa7b11334930f1ee05b56a9b06c85a5d78f701589528855c74154b3b0e91c.jpg,قبـل,بعد,Tit,101,COCERIME,E,حجم الدمار من جراء العدوان الصهيوني على قطاع غزة,98 alforgannet,A  W,,,,,,,,,,,,,,,,,,,,,,,,,,,,,,,,,,,,,,,,,,,,,,,,,,,,,,,,,,,,,,,,,,,,,,,,,,,,,,,,,,,,,,,,,,,,,,,,,,,,,,,,,,,,,,,,,,,,,,,,,,,,,,,,,,,,,,,,,,,,,,,,,,,,,,,,,,,,,,,,,,,,,,,,,,,,,,,,,,,,,,,,,,,,,,,,,,,,,,,
intel360_hash_6b996ccdeb739ea3b0bc75dfa42ba877511e793b48c8edf2fe5c01c8630c031c.mp4,لاة العقد,PF SS,الصحفي الإنسان سقطت الزميلة إسراء البحيصي خلال البث المباشر من الضغط في تغطية أحداث غزة,PSS,الصحفي الإنسان سقطت الزميلة إسراء البحيصي خلال ال المباشر من الضغط في تغطية أحداث غزة,لام العلم,PRESS,POSS,الصحفي الإنسان,سقطت الزميلة إسراء البحيصي خلال البث المباشر من الضغط في تغطية أحداث غزة,SS,PA,الصحفي الإنسان سقطت الزميلة إسراء البحيصي خلال المباشر من الضغط في تغطية أحداث غزة,قلاق العالم,منال العالم,قناة العالم,PF SS PE,الصحفي الإنسان سقطت الزميلة إسراء البحيصي خلال ا المباشر من الضغط في تغطية أحداث غزة,قلاة العلم,لاة العلا,علاء العام,اللام العلم,اة العالم,طاق العلم,ال,عمر,PSSS,All aus,PR,All als,PRS,سقطت الزميلة إسراء البحيصي خلال المباشر من الضغط في تغطية أحداث غزة,لطم,2,شكرا لزملائي وللعاملين في مستشفى شهداء الاقصى على الاهتمام وربنا يعينا نكمل التغطية,الصحفي الإنسان سقطت الزميلة إسراء البحيصي خلال البن المباشر من الضغط في تغطية أحداث غزة,,PRESSI,WANT,از,الصحفي الإنسان سقطت الزميلة إسراء البحيصي خلال الب المباشر من الضغط في تغطية أحداث غزة,شكرا لزملائي وللعاملين في مستشفى شهداء الاقصى على الاهتمام  وربنا يعينا نكمل التغطية,آپ تم,رداد,P,م,الصحفي الإنسان سقطت الزميلة إسراء البحيصي خلال ا,المباشر من الضغط في تغطية أحداث غزة,الصحفي الإنسان سقطت الزميلة إسراء البحيصي د المباشر من الضغط في تغطية أحداث غزة,سقطت الزميلة إسراء البحيصي خلال,الصحفي الإنسان سقطت الزميلة إسراء البحيصي خا المباشر من الضغط في تغطية أحداث غزة,الصحفي الإنسان سقطت الزميلة إسراء البحيصي خلال,,,,,,,,,,,,,,,,,,,,,,,,,,,,,,,,,,,,,,,,,,,,,,,,,,,,,,,,,,,,,,,,,,,,,,,,,,,,,,,,,,,,,,,,,,,,,,,,,,,,,,,,,,,,,,,,,,,,,,,,,,,,,,,,,,,,,,,,,,,,,,,,,,,,,,,,,,,,
intel360_hash_064e84b96f741c7cd1c869011f8c2ed763a53fc368de8aebbd5b4eeee9fe4f34.mp4,L,شارع حيفا  مجمع كيان التجاري,,شارع حيفا  معصم كيان التجاري,SEDAR,سیدار,WALA,ww,터,N,74979307,7 497930,7 97830 7,K,7 187930V,VY N,ܥܓ,t,,,,,,,,,,,,,,,,,,,,,,,,,,,,,,,,,,,,,,,,,,,,,,,,,,,,,,,,,,,,,,,,,,,,,,,,,,,,,,,,,,,,,,,,,,,,,,,,,,,,,,,,,,,,,,,,,,,,,,,,,,,,,,,,,,,,,,,,,,,,,,,,,,,,,,,,,,,,,,,,,,,,,,,,,,,,,,,,,,,,,,,,,,,,,,
intel360_hash_3494bb732366b8a467fcb3a86d7acd87c757b07868546822391f70963b643905.mp4,תקיפת משגרי רקטות עי לוחמי מגלן לאחר שיגור לעבר שטח ישראל,22102023  ז  בחשוון התשפד,,תקיפת משגרי רקטות עי לוחמי מגלן לאחר שיגור לעבר שטח ישראל 22102023  ז  בחשוון התשפד,C,2,3,,,,,,,,,,,,,,,,,,,,,,,,,,,,,,,,,,,,,,,,,,,,,,,,,,,,,,,,,,,,,,,,,,,,,,,,,,,,,,,,,,,,,,,,,,,,,,,,,,,,,,,,,,,,,,,,,,,,,,,,,,,,,,,,,,,,,,,,,,,,,,,,,,,,,,,,,,,,,,,,,,,,,,,,,,,,,,,,,,,,,,,,,,,,,,,,,,,,,,,,,
intel360_hash_41a42c0cc290e99ff3f19e547b8824b5793dc240ca2fbff043f98d6bd741addd.mp4,الخليل في قلب الحدث,عاما ل العطاء والإنسانية,Vezvi,,Vad v,لام ن العطاء والإنسانية,Vezv,EMPOWN,لأيام ل العطاء والإنسانية,Je z,الأعمال لى العطاء والإنسانية,Vezva,من العدو بصالية,S,L,الت,,,,,,,,,,,,,,,,,,,,,,,,,,,,,,,,,,,,,,,,,,,,,,,,,,,,,,,,,,,,,,,,,,,,,,,,,,,,,,,,,,,,,,,,,,,,,,,,,,,,,,,,,,,,,,,,,,,,,,,,,,,,,,,,,,,,,,,,,,,,,,,,,,,,,,,,,,,,,,,,,,,,,,,,,,,,,,,,,,,,,,,,,,,,,,,,
intel360_hash_078f16a12d0638a091d3fa3b4c90ca4f7226d4756d8646cf635df70e14355f64.mp4,hani abu rezeq,خالد الناجي الوحيد من عائلة جودة يتفقد افراد عائلته الشهداء,handangereq,rezeq,zeq,abu rezeq,bu rez,habu rezeq,hai abu recen,,hani abu re,AH,bam abu rem,hani abu,han si rezeq,خالد الناجي الوحيد من عائلة جودة يتفقد,افراد عائلته الشهداء,Rani abu rezeq,hani aby reze,bani abo re,ham abu rezed,ani abu eq,hani abu req,bani abu rezed,hani abu reze,ani abu rea,hani abueq,hani,hani aba an,hani abu r,W,hani abuzeq,i abu rezeq,in a re,ou re req,u reze,hani abu rezeu,hami,خالد الناجي الوحيد من عائلة جودة يقد افراد عائلته الشهداء,خالد الناجي الوحيد من عائلة جودة ينتقد,hani abu rezen,خالد الناجي الوحيد من عائلة جودة ينعد افراد عائلته الشهداء,hani aba,halezeq,abu reze,C,hanbu rezei,bani abu reze,30,ای راه,hani aferezeq,At,ren,hani au,A,will,adid,hani abor,B,hami abu rezeq,hani alhas rote n,hani ale reseq,hani abo rezen,hani a rezeq,hani aba tere,4,hani abju rezeq,ون,hani abu rezeg,ح,han abu rezey,bani abu rezeq,bail reze,خالد الناجي الوحيد من عائلة جودة يتفقد أفراد عائلته الشهداء,hani abu rez,ham abu rear,hani aburezen,harabu reze,hama imasr el,lembu rezen,abu rereg,abu rez,han abu rez,han de rezeq,hani abu ray,hama abu reacti,hapi abu rezeq,hanzabu rezeq,hantezeq,buni abu rezeq,ham al,تے خلیات,دو,hank,hamabu rezeq,hani abu rezer,,,,,,,,,,,,,,,,,,,,,,,,,,,,,,,,,,,,,,,,,,,,,,,,,,,,,,,,,,,,,,,,,,,,,,,,,,,,,,,,,,,,,,,,,,,,,,,,,,,,,,,,,,,,,,,,
intel360_hash_6eb7c327da75f41584f08d3a305d09d448d668de9f488abf6ae5f0f902650b6c.mp4,والله احتسبتك يا أمي,,O mohammedfayq,أم تـودع طفلتها,بصرخات وقلب مكلوم,ned,moh,بصرخات وقلب مكلوم بعد استشهادها,212154,0 mohammarlfayq,أم تـودع طفلتها بصرخات وقلب مكلوم بعد استشهادها,hammed fayq,ام تـودع طفلته,DEGL,mohammedfayq,0 mohammedfaye,0 mohammedfayq,يا روح قلبي يا أمي,O mohamni,hammedfaya,ohammedfayq,bhammedfayq,Chohammedfayq,P,ohammedfaya,ملات,40,O mohammed fa,يا أمي عمري أنت,447,el mohammed,nohammedfay,O mohammed,THE,mohammedfavet,O mohamme my,O mohammeo ayis,10,U,mohammedfa,O mohammeda,O mohammed Days,K,mohammed Sanų,E,O mohammedlayo,O mohammed15,O mohammed fayo,mohammed Jaya,mohammed fayo,mohammed faya,mohammed laya,la,O,O mohammed laya,CTREE,O mohammed favn,RE,TYPHOOS,O mohammedfayn,TYPHOON,Omol,O mohammed lava,S,O mohammed fayq,TYPHOOK,感,影,aljazeerachannel,鳳,faljazeerachannel,鑫,AJArabic,AJ,A,e,展,詹,应 j,应,念,شـارك 2,TAA,它 L,食,,,,,,,,,,,,,,,,,,,,,,,,,,,,,,,,,,,,,,,,,,,,,,,,,,,,,,,,,,,,,,,,,,,,,,,,,,,,,,,,,,,,,,,,,,,,,,,,,,,,,,,,,,,,,,,,,,,,,,,,,,,
intel360_hash_f374eb0ba7e0a0dea425f529fe3a4adf3f91ed0c31ff4c472d1ba5d1e3573059.mp4,Origi,hani Abu rezeg,Origin,hani Abu rezeq,GA,0,لمی که میل به,W,Orig,4360,Origishl,hani Abu rezed,AG,TEMA,Drigio,IT,04,Origi Me,THIA,Drini,ae,Drig,,Originale,Origine,raa,384,nove,kwa,rep,i g ள,LA,hints,PON K,30,Prigin,GM,11,A MA,ren,Wak,TOM,TENA,توهير الله من سبيل,AD,en,هوراند ما سهل,12,TIL,revn,adidas,TOVA,das,Or,C,reva,تنها که به سیل,1,VA,adi,LETA,PRESS,மம,5,Origina,25,LEASANT SO,9,لمعمول,ர K,LEASANT,ترانه,PLE,ere,N,ஒபஹபத,CTA,Drigi,,Origi No,நறகம மகமம,Drin,OSS,CO,ESS,Origue,rem N,poka,X,Meda,Prigina,US,Media,RESS,Qriz,Originds,ND,LEASANT SOUND,Original,JND,2,LEASA,72,6PD,Spin,ve,BO,P,BOSS,BOS,un m,G,ВС,TIRE,INCU,ROSS,AMERICAN LASE,Filte,MA,HAR,AMERICAN LAUR,AMERICAN LAGE,RUD,BU,AMERICAN LAS,D,AMERICAN LA,COD,,,,,,,,,,,,,,,,,,,,,,,,,,,,,,,,,,,,,,,,,,,,,,,,,,,,,,,,,,,,,,,,,,,,,,,,,,,,,,,,
intel360_hash_8599b1fef4b6070bd79ccc0af1da8f89e3bdc03d421cb6ab0171f104f732b54e.mp4,ما ذنب هؤلاء الأطفال,Dinas,Ding,Cine,Dingins,TEAM PLAYE,Vinging,TEAM,TEAM PLAY,TEAM PLA,Vingino,in,ina,Qingino,20,ام,Vingino T,Dirang,الالام,اة,A,TEAM PLAYER,Dingino,gingins,Vingins,ان,PLAYER,wing,ging,mos,BAY,و,Dinging,gino,ins,Pinging,AM PLAYE,Qinging FR,AM PLAYER,Dingine PT,to,للماركات العالمية,د,th,ته,علما,,,,,,,,,,,,,,,,,,,,,,,,,,,,,,,,,,,,,,,,,,,,,,,,,,,,,,,,,,,,,,,,,,,,,,,,,,,,,,,,,,,,,,,,,,,,,,,,,,,,,,,,,,,,,,,,,,,,,,,,,,,,,,,,,,,,,,,,,,,,,,,,,,,,,,,,,,,,,,,,,,
intel360_hash_5543bef2ad5b681bc0192ba028fa0227a14b9b5819d4929a9973b0d19a09d2c3.mp4,تم,يحتوي الـ على مشاهد,مزعجة للبه,مباشـر,تحذير,يحتوي الفيديو على مشاهد قد تكون مزعجة للبعض,ستشفى شهداء الأقصى,مباشر,مستشفى شهداء الأقصى,22 أكتوبر 2023,10,1,مستشفى شهداء الأقصى 22 أكتوبر 2023,تكدس جثامين,الشهداء,و مستشفى شهداء الأقصى 22 أكتوبر 2023,2023,في ساحة مستشفى شهداء الأقصى,M,عقب ليلة دامية استشهد فيها أكثر من 110 فلسطينيين,عقب ليلة دامية,استشهد فيها أكثر من 110 فلسطينيين,ath,اردلة دامية,جراء قصف إسرائيلي على المنطقة الوسطى,بقطاع غزة,جراء قصف إسرائيلي,على المنطقة الوسطى,جراء قصف إسرائيي على المنطقة الوسطى,ثلاجة الشهداء مليانة بالشهداء,فيه خيمة في الجهة التانية برضه مليانة من الشهداء,فيه خيمة في الجهة الثانية برضه مليانة من الشهداء,د آخر من الشهداء داخل خيمة الشهداء,عدد,عدد آخر من الشهداء داخل خيمة الشهداء,دد آخر من الشهداء داخل خيمة الشهداء,د آخر من الشهداء داخل,خيمة الشهداء,عددا,في المنطقة الوسطى أطفال ونساء,R,لا حول ولا قوة إلا بالله,хоор бR obo ix ПР,مبال,டபபடல,The,fC,HER,EINS,والا,AS,f0,CAINING,f00,,CASE,,,,,,,,,,,,,,,,,,,,,,,,,,,,,,,,,,,,,,,,,,,,,,,,,,,,,,,,,,,,,,,,,,,,,,,,,,,,,,,,,,,,,,,,,,,,,,,,,,,,,,,,,,,,,,,,,,,,,,,,,,,,,,,,,,,,,,,,,,,,,,,,,,,,,,,,
intel360_hash_b4850b79ea6f328136ac8696342c579e40078aac0ab133b5e028c06d82dfe81d.mp4,תקיפת משגרי רקטות עי לוחמי מגלן לאחר שיגור לעבר שטח ישראל,22102023  ז  בחשוון התשפד,תקיפת משגרי רקטות עי לוחמי מגלן לאחר שיגור לעבר שטח ישראל 22102023  ז  בחשוון התשפד,,C,2,3,,,,,,,,,,,,,,,,,,,,,,,,,,,,,,,,,,,,,,,,,,,,,,,,,,,,,,,,,,,,,,,,,,,,,,,,,,,,,,,,,,,,,,,,,,,,,,,,,,,,,,,,,,,,,,,,,,,,,,,,,,,,,,,,,,,,,,,,,,,,,,,,,,,,,,,,,,,,,,,,,,,,,,,,,,,,,,,,,,,,,,,,,,,,,,,,,,,,,,,,,
intel360_hash_cabd75708d91899b1cc8c5282077bfc1fc8c3fa3936c992ee7fd32052b967522.mp4,H29,بيت حانون  قبل 7 اکتوبر,بيت حانون  قبل 7 أكتوبر,حي الكرامة  قبل 7 أكتوبر,هي الكرامة  11 أكتوبر,ATTLG,BROX,هي الكرامة  21 أكتوبر,514,عزبة بيت حانون  11 أكتوبر,عزبة بيت حانون  قبل 7 اکتوبر,171,REGI,COLCOCE,פרריררר ווור בוץ,عزية بيت حانون  11 اکتوبر,عزبة بيت حانون  قبل 7 أكتوبر,ههه,Prisl 21  unl,188B,ביוורנר כרררררר,بيت لاهيا  قبل 7 اکتوبر,COLCOCE ELLELLE,Pil 21  gal,BaB,333,כרוכררר,ril 21  n,859,טווינ ררררררר,Preisl 21  in c,,,,,,,,,,,,,,,,,,,,,,,,,,,,,,,,,,,,,,,,,,,,,,,,,,,,,,,,,,,,,,,,,,,,,,,,,,,,,,,,,,,,,,,,,,,,,,,,,,,,,,,,,,,,,,,,,,,,,,,,,,,,,,,,,,,,,,,,,,,,,,,,,,,,,,,,,,,,,,,,,,,,,,,,,,,,,,,,,
intel360_hash_fc07f8fc3a73f289c3485282f7328816c11c0ec80cc6a717d77268e2658bdb99.mp4,سرايا القدس الإعلام الجني,سرايا القدس الإعلام الحربي,HERINE,سرايا القدس الإعلام الجبي,سرايا القدس الإعلام الالي,THERES,شـاهـد,رحـاب الجحيم,FARSA,CARST,ايا القدس الإعلام الحالي,سرايا القدس الإعلام الي,ايا القدس الإعلام الي,سرايا القدس الإعلام الحالي,سرايا القدس الإعلام الجاي,SE۷۰۰۰,أبا القه,له الا الله,سرایا,wwsaray,,55 V ۰۰۰,اشر,تام المكان,ا,میکرد می,21,511,سرايا القدس الإعلام الحبي,الله,سرايا الق,حة الحار,CLANCUL,THESE,IN,TAST,G,سرايا القدر,سرايا القدس الإعلام الحر,۷۰,سرايا القدس الإعلام,سرايا القدس الإعلام الحرب,631,الجناح العسلي,النخبة,وحدة,سرايا القدس الإعلام الجي,العسكري,ل الجاح,سرايا القدس,وة,ح العسكري,ل الجاح النخبة,Lig is,50,سرايا القدس المج,سرايا القدس الإعلام الجري,ال ابا,سرايا القدس الح,سرايا القدس الإعلام الجنابي,سرايا القدس العلام الحربي,سرايا القدس الاعلام الحربي,سرايا القدس العام الحالي,رفع وده المبا سرا ان السواء,محمد رسول الله,F,ربع ساده اما سران ان سالوا,محمد رسول ال القدس,sara ya p,arayaps,AMM,saray asp,wwwsary,55 V,لا إله الا الله فوة,سرايا الا,1,أهلا بكم  في رحاب الجحيم,ברוכים הבאים לגיהנום,يا القدس الإعلام الحربي,يرايا القدس الا,سرايا القدس الإعلام ال,ي رد באים לגי,سرايا القدس ال,w w w  s a r a y a  p S,W W W,WWW  s a r a y a  p S,w w w  s a r a y a  p s,wwwsaraya  ps,سرايا القدس الإعلام التي,,,,,,,,,,,,,,,,,,,,,,,,,,,,,,,,,,,,,,,,,,,,,,,,,,,,,,,,,,,,,,,,,,,,,,,,,,,,,,,,,,,,,,,,,,,,,,,,,,,,,,,,,,,,,,,,,,,,,,
intel360_hash_b87548ea4e9651f6018d49fd01008a6e109c0c4bc7b6a0b802389547c66061fe.mp4,D,O yahyamsh,فلسطيني للأمة العربية,لن يكون لكم حجة أمام الله يوم القيامة,20,GD,GING,2,مقدمة أصدق   می دارد,0 3ahyamsh,مقدما أصد,Oysalva mish,فلسطيني للأمة العربية  لن يكون لكم حجة أمام,BAUM,مقدم,Ohyamsh,فلسطيني للأمة العربية  لن يكون لكم حجة أمام الله يوم القيامة,ep,مقدمة أصد,ني الملك العرب,0  ilyarish,أصدق,لن يكون لكم حجة أمام,الله,يوم القيامة,v3anyamsh,O,صل على النبي,escence,Oy3ahyamsh,100,مقدما أصل,0  yaariyamsh,الله يوم القيامة,,0 y3ahyamsh,y3ahyamsh,v3aliyamsh,0,لن يكون لكم حجة أمام الله يوم القيامة صل على النبي,Oysahyamsh,ysaliyamsh,وی,لن يكون لكم حجة أمام يوم القيامة,نحن عندما نصور فيديوهات,A,O3ayamsh,هه,y3alyamsh,vaahyamsli,y3ahiyanash,أصله,ولا نريد دعما ولا مساعدات,0  y3ahyamsh,yahyamsh,فلسطيني للأمة العربية  لن يكون لكم حجة أمام  يوم القيامة,03ahyamsh,94,أقسم بالله لا نريد أموالا,فلسطيني للأمة العربية  لن يكون لكم حجة أمام يوم القيامة,من,عقل,u,0  y3alyamsh,n,32,غزة,والله يا جماعة نصور فيديوهات,لكي ترى الأمة العربية والإسلامية,h,0  غزة,ج,غز,أن يوم القيامة لا يتبقى لهم حجة أمام الله,قل,يا جماعة الخير نحن أصبحنا نشرب ماء,y3any msh,TING,w3ahyamsh,SE,in,Spe,s,6,0 yahyamsh,rence,SKY,G,1000,أقسم بالله أشبه بمياه المجاري,5,egene,3,S,انظر من أين نأخذ المياه,د,T,Oy3ahvamsh,repre,0 y3alyamsh,0  sahyamsh,egente,C,اله,مقدمة ء الى,Ly3hyamsh,0 y3,Dy3ahyamsh,77,ING,yawamsh,والله لا نريد مساعدات,والله ياجماعة الخير,919,پس,نحن لا نريد أموالا ونكرر,مه دقاء الى,0  yahyams,y3alhyans,دق,Oysahvamsh,KING,0  yahyamsh,0y3ahyamsh,لكن نريد أن تصل لكم رسالة,y3ahyams,وصلنا لنشرب مياه مجار,O y3ahyamsh,des,3ahyamsh,0  y3ahyam sh,۱,2 y3ahyamsh,0  y3ahyai sh,لكن نحن أقسم بالله لسنا زعلانين,iyamsh,ان,r,v3ahyamsh,همن,والله على قلبنا مثل العسل,D ly3ahyamsh,ܡ,O y3ahyamsh 11,4,0   y3ahyainsh,وهم,اللهم نحتسب ذلك ابتغاء مرضاتك,مقد,7,ܩܩ,واجعله في ميزان حسناتنا,B,L,en,172,مة,هم,p,لكن يا عرب يا من تدعون الإسلام,و,g,رأيتمونا ونحن نباع ولم تتحركوا,1,هد,tn,رأيتمونا ونحن نموت ولم تتحركوا,ل,مد,جل,رايتمونا والمنازل تدمر فيقنا,رأيتمونا والمنازل تدمر فوقنا,وأيضا لم تتحركوا,ورأيتم أشياء لو شخص آخر رآها لتحرك,PR 0 y3ahyamsh,rene,me,P,k,a,انظروا إلينا ونحن نشرب ماء,قال,157,درو,Tli,BASTI,أشبه بمياه المجاري,NAT,وال,10,ST,RISOTNO,UT SIN,HOT,لأن يوم القيامة,لأن,ليس لكم مفر من عذاب الله,PRISOTNO,ليس,ر مر,0 y3ahyam,يس لحم مفر من عذاب الله,aljazeerachannel,faljazeerachannel,AJArabic,channel,شـارك 2,شـارك  2
intel360_hash_2ca207f4e400a7766891abf548ceef4d9f55e95def4482b214e7024fe2d7ab7a.mp4,變,9,بيت حانون  21 اکتوبر,بیما حانون  قبل ۶ کتوبر,بيت حانون  قبل 7 اکتوبر,بيت حانون  قبل 7 کتوبر,اقبل  کتوبر,PRAST,MENY des,بيت حانون  121,DELET,حي الكرامل  21 اکتوبر,هي الكرامة  قبل 7 اکتوبر,حي الكرامة  21 أكتوبر,حي الكرامة  قبل 7 اکتوبر,حي الكرامة  قبل 7 اكتوبر,POLE,حي الكرامة  قبل 7 أكتوبر,P,قبل لا کتوبر,حي الكرامة  21,عرية بيت حانون  11 اکتوبر,عزبة بيت حانون  قبل 7 كلوب,عزبة بيت حانون  قبل 7 کتوبر,ENDEL,عزبة بيت حانون  قبل 7 اکتوبر,۲۰۰,علية بيت حانون  11 اکتوبر,ن  قبل ۶ کتوبر,عزية بيت حانون  11,PUPIST,CLLLLLL COLLELE,ELLELLE CELCLOE,RBGAM,H5 4 may,LG,בוורונה ררררררר,321,21 un y,רבורונה פרררררר,433,بيت لاهيا  قبل  کتوبر,21n y,רבורונר ירררררר,DANIEL,ררררררר,بيت لاهيا  قبل 7 أكتوبر,اور,بيت لاهيا  21 اکتوبر,SEG,וכיוונר ררררררר,بیت الاميا  قبل 7 اکتوبر,201,931 21,כרוכררר,PANDOR,,,,,,,,,,,,,,,,,,,,,,,,,,,,,,,,,,,,,,,,,,,,,,,,,,,,,,,,,,,,,,,,,,,,,,,,,,,,,,,,,,,,,,,,,,,,,,,,,,,,,,,,,,,,,,,,,,,,,,,,,,,,,,,,,,,,,,,,,,,,,,,,,,,,,,,,
intel360_hash_c6a5199421e8c573ec83a682496aea438e6ca48ef256fd085b437e53bc1a6b18.mp4,حي على السلاح تيليجرام الدهيستية الحدث,حي على السلاح,تيليجرام الدهيشة الحدث,حي على السلاح انيليجرام الدهيشة الحدث,حي على السلاح تيليجرام الحسينية الحدث,تيليجرام الدهينة الحدث,ا تيليجرام الدهيشة الحدث,TGEGE,pisod,alml Gk இம    diyal  pudON,Gle  51,doull dilmall plisuri,دي على,تيليجرام الدم الصف,ملا اتف,دات علي السليم والے,دي على السا,Cool affrmal phpauli,18,دي غلاك السلاح تيليجرام الحمية الصين,7,ني على السلاح ن سيحرام الليلة المارقي,pipun,دي على السا تيليجرام الحياة الحدث,في على السا تيليجرام الحياة الحدث,انيليجرام الدهيشة الحدث,حي على السلاح تيليجرام الدهينة الحدث,لسفة,الضا,لضيف,الضفة,لضفة,حي على السلاح تيليجرام الجميلة الحدث,ضفة,حي على السلاح تيليجرام الحميشة الحدث,دي على السلاح تيليجرام الدهيشة الحدث,حي على السلاح تيليجرام الدهيشة الحدث,IIIIIIN TITUTE TEC Enan E PHITE,ho,حي على السلا,19,DIDITE IN LIGNE EUTINE EID 10 500 3 0 0,حي على السلاح اتيليجرام الدهيشة الحدث,le,,1,دي على السلاح تيليجرام الدهيسية الحدث,hol,حي على السيلاح تيليجرام الحميمة المادت,10,Dis,الخ,حي على السلاح تيليجرام الحمية الحدث,تيليجرام الحسينية الحدث,endum plena,ضفي على السلاح الاسير الحصيلة الدم,all a,ف على السلاح,ار الحياة الصدد,ciaal dital pipiny,في على السلاح,اليات الدم المدافع,حي على السلاح اتيليجرام الحسينية الحدث,علاج السلة م الحمية الصف,لكس العدو,ذي على السلاح,الات ورد الحمولة الحدافع,ام,لكسر,غزة تحتاجك,ادي على السالح,الان مليجرام الدهيشة الحدث,باضفة,ادي على السالح الان مليجرام الدهيشة الحدث,باففة,دات علي السالح الان مليجرام الدهيشة الحدث,ہا خفه,ات علي السالح الله لايتام الدهيشة الحدث,ادي على السلاح الان ايام الدهيشة الحدث,allulla,suck,دي علي السالح الان ايام الدهيشة الحدث,,,,,,,,,,,,,,,,,,,,,,,,,,,,,,,,,,,,,,,,,,,,,,,,,,,,,,,,,,,,,,,,,,,,,,,,,,,,,,,,,,,,,,,,,,,,,,,,,,,,,,,,,,,,,,,,,,,,,,,,,,,,,,
intel360_hash_1ed2ef298fd26349676189b15298a75303107bf9f1ef29164831bca0997d56b6.mp4,شـاهـد,رحـاب الجحيم,سرايا القدس العلا,سرايا القدس الإعلام الحربي,JUDE,سرايا القدس الإعلام الالي,سرايا القدس الإعلام الجني,سرايا القدس الاله,سرايا القدس الإعلام الحالي,سرايا القدس الإعلام الحرف,سرايا القدس الإعلام الجاني,سرايا القدس الإعلام الجبي,ايا القدس الإعلام الحالي,السرايا القدس الإعلام الالي,سرايا القدس الإعلام الي,۴۰۸5577,رايا القدس الإعلام الجبي,55 ۰۰۰,,الدن,511,CARSHA,WELCT,الله الا الله,www,د,محمد رسلار,القد,17,MARKH,LKS5V  ool,TAST,OPCARSHO,MARS,سرايا القدس الإعلام الحر,PORKKAN,سرايا القدس الإعلام,سرايا القدس ال,19809,الجناح العسلي,النخبة,وحدة,سرايا القدس الإعلام الجي,سرايا القدس الإعلام الجري,والتلوهم,رايا القدس,واة,لقتموه,الجناح العسلي الاحبة,والو,الجناح العسلي النخبة,614,الق,سرايا القدس المج,يا الله,Da,سرايا القدس,سرايا القدس الاعلام الحربي,رفع وده اما سرايا السواء,محمد رسول ال,رتع لده الربا سرار علوا,محمد رسول ال القدس,arayaps,wwsar,سيا القدس الإعلام الحربي,أهلا بكم  في رحاب الجحيم,ברוכים הבאים לגיהנום,سرايا القدس الإعلام الخالي,LASSV,يا القدس الإعلام الحربي,سرايا القدس الإعلام الجن,سرايا القد,ראים,سرايا القدس الإعلام ال,سرايا القدس الأعل,W W W sara ya p,w w w  s a r a y a  p S,w w w  s a r a y a  p s,W W W  s a r a y a  p S,wwwsaraya  ps,,,,,,,,,,,,,,,,,,,,,,,,,,,,,,,,,,,,,,,,,,,,,,,,,,,,,,,,,,,,,,,,,,,,,,,,,,,,,,,,,,,,,,,,,,,,,,,,,,,,,,,,,,,,,,,,,,,,,,,,,,,,,,,,
intel360_hash_b1b4543cb61ca3213be78a91c7c91cb4310636f25c5acadd92814742de58cdf0.mp4,الم الفراق في غزة والله شرب قهوة,له باسم الطبي ا,,الم الفراق في غزة  والله شرب قهوة,غير باسم الطبي 3,الم الفراق في غزة,والله شرب قهوة,مر بالسم,awy n,wy,ww,ختبر باسم الطبي و,ير بالسم,ختبر بالسم الطبي,شتهر باسم الطبي 3,400,ختبر باسم الطبي,ختبر باسم الطبي في,ختبر بالسم الطبية,ختير باسم الطابق,مختبر بالسم الطبي,ركتير باسم الطبي و,ختير باسم الطبانان,شتهر باسم الحرية,كتير باسم الطبي 2,يم الطبي 3,عتبر باسم الطبي,رال,101 LANCE,عتبر باسم الطبع,ANCE,101 BU ANCE,101 ULANCE,اختبر باسم الطبي 3,اختير باسم الطبي 3,ختبر باسم الطبي 3,امیر,عتبر باسم الطبي 3,تغير باسم الطبي,تير باسم,عتبر باسم الطب,عتبر بالت,عتبر باس,معتبر بالي,تير باست,ختير باسم,غير باسم الطيب,ختبر باسم الو,ختير باسم الطبية,تبر باسم الطبية,تبر باسم الطبي 3,حقير باسم الطبي 3,ختير باسم الطبي 3,77,عتبر باسم الطبية,اكر الأمان ختبر باسم الطبي 3,مختبر بالسم الطبي 3,ختبر باسم الطبي 13,الامارات,الأمارات,تهر باسم الطبي 3,اتير باسم الطبي 3,اتير باسم الطبي 13,ختير باسم الطبي 2,املات,عاملات 1,ظامات,اتير باسم الطبي,الإمارات,تير باسم الطبي,تهر باسم الطبي,الأمارات ال,اتير باسم الطبي و,تبر باسم الطبي,مات,مل,otder,11,en,الطبية و,SM to remi,۸۸۰,تير باسم الطبال,ختير باسم الحباني,امارات,تير بالسم الطبية,تهر باسم الطبي و,د قبر باسم الطبي 3,د تبر باسم الطبي,ختير باسم الطيم,ختير باسم الطبي,تير باسم الطبي 3,د تبر باسم الطبي 3,PH,د قهر باسم الطبي 3,دتير باسم الطبي 3,D,13316,عاملات,دتبر باسم الطبي 3,,,,,,,,,,,,,,,,,,,,,,,,,,,,,,,,,,,,,,,,,,,,,,,,,,,,,,,,,,,,,,,,,,,,,,,,,,,,,,,,,,,,,,,,,,,,,,,,,,,,,,,,,,,,
intel360_hash_88629d528b1679928f4714338ebc078f7e0a3aa6c0decd4c6ac0069d388f3972.mp4,البلد بلدنا الحدث  تليجرام,قلام العلم,PF SS,الصحفي الإنسان,سقطت الزميلة إسراء البحيصي خلال البث المباشر من الضغط في تغطية أحداث غزة,SS,الصحفي الإنسان سقطت الزميلة إسراء البحيصي خلال البث المباشر من الضغط في تغطية أحداث غزة,PSSS,PFSS,PSS,سلام العالم,لاء العالم,البلد بلدنا,الحدث  تليجرام,ناة العالم,قلاق العلم,قناة العالم,قاء المعلم,PESS,PRESS,الام العلا,لام العلم,طاء العقد,لماء العلم,IIPT,IP,PR,الصحفي الإنسان سقطت لزميلة إسراء البحيصي خلال البث المباشر من الضغط في تغطية أحداث غزة,ا العام,R,شن,ان السعر,شین,all aus,شكرا لزملائي وللعاملين في مستشفى شهداء الاقصى على الاهتمام وربنا يعينا نكمل التغطية,Lord,CHERIS,exito,شكرا لزملائي وللعاملين في مستشفى شهداء الاتحسي على الاهتمام وربنا يعينا نكمل التغطية,ہ,نية,شكرا لزملائي وللعاملين في مستشفى شهداء الاقصى على الاهتمام وربنا يعينا تكمل التغطية,www,سقطت لزميلة إسراء البحيصي خلال البث المباشر من الضغط في تغطية أحداث غزة,۱۸,شكرا لزملائي وللعاملين في مستشفى,شهداء الاقصى على الاهتمام وربنا يعينا نكمل التغطية,,,,,,,,,,,,,,,,,,,,,,,,,,,,,,,,,,,,,,,,,,,,,,,,,,,,,,,,,,,,,,,,,,,,,,,,,,,,,,,,,,,,,,,,,,,,,,,,,,,,,,,,,,,,,,,,,,,,,,,,,,,,,,,,,,,,,,,,,,,,,,,,,,,,,,,,,,,,,,,,,
intel360_hash_5658e9a2706831558fda1dfe3f5f8101e4138d4d31991296b7d602dc79bc7078.mp4,تصوير  يوسف الصيفي,دبابات الآن على شارع صلاح الدین,th,تصویر  يوسف الصيفي,ه,دبابات الآن على شارع صلاح الدين,صوير  يوسف الصيفي,نصوب يوسف الصيفي,دبابات الان على شارع صلاح الدین,تصوير يوسف الصيفي,1027,50,2,RADIO,MEDIA,A SEEK,PWR Puti,P,ADIO,SEEK,VOL,IEEK,TRACK,PWR,امل,,VAL,بادلاد,,,,,,,,,,,,,,,,,,,,,,,,,,,,,,,,,,,,,,,,,,,,,,,,,,,,,,,,,,,,,,,,,,,,,,,,,,,,,,,,,,,,,,,,,,,,,,,,,,,,,,,,,,,,,,,,,,,,,,,,,,,,,,,,,,,,,,,,,,,,,,,,,,,,,,,,,,,,,,,,,,,,,,,,,,,,,,,,,,,,
intel360_hash_112e9f490c5a26bb86da7ed7d76aadf987c40ba7f20c1ab7815ca9b0630ee11f.mp4,يا الله,TMEVORPOSTE,P,,,,,,,,,,,,,,,,,,,,,,,,,,,,,,,,,,,,,,,,,,,,,,,,,,,,,,,,,,,,,,,,,,,,,,,,,,,,,,,,,,,,,,,,,,,,,,,,,,,,,,,,,,,,,,,,,,,,,,,,,,,,,,,,,,,,,,,,,,,,,,,,,,,,,,,,,,,,,,,,,,,,,,,,,,,,,,,,,,,,,,,,,,,,,,,,,,,,,,,,,,,,,
intel360_hash_38903851dcd468ecbf0f75e9fc5b2aa18e6ca1f7677143ed5d75fd06cb165b29.mp4,للمزيد من الأخبار يرجى متابعتنا على alarabycom,2,פשיטה ממוקדת של נוחות צהל בצפון הרצועה,alarabycom CIe iiolio Sou u,alarabycom Ic iiorio Soulou,F,פשיטה ממוקדת של כוחות צהל בצפון הרצועה,alarabycom CIe iiolio Ca,20,alarabycom Ie liiolio a su,اسلام است,alarabycom ulc iiorio Soulou,alarabycom Ie liiolio Sou u,26102023,TIVIT,alarabycom Clc Liiolio Sou uou,alarabycom CIe iiolio Soul,alarabycom CIe iigilio,,H,alarabycom,I,S,النقر على,راه به,RED,EM,۱۳,MA,۲۳۱۳,MW,۲۱۱,CMS,MMM,۷۳۱۸,O,METS,M,١٦٣,IM,۱۳۸,۱,ESS,PRESS,VRESS,RESS,55,557,۱۱۰۸۸۸,FRESS,2010,s,۱۰۸۸,191,AMBL,E,MULA,101,AMBULA 101,LE SY,AME,ل,الحرمان,B 480,C,POL,MMS,الخدمات,1,le,lie,B,الطبيا,3168550,017,الطبية,550 9,stan,PROGET,Ak,www,03550,خدمات,۳۰۰۰۰ ۴,3168,,,,,,,,,,,,,,,,,,,,,,,,,,,,,,,,,,,,,,,,,,,,,,,,,,,,,,,,,,,,,,,,,,,,,,,,,,,,,,,,,,,,,,,,,,,,,,,,,,,,,,,,,,,,,,,,,,,,,,,,,,,
